id;ops_system;rent_id;create_time;update_time
1;Territory;Quality enhance;channels Rwanda Persevering;intangible
2;Minnesota;Credit Palladium withdrawal;deposit auxiliary;Tennessee forecast Shoes
3;lavender;Identity sensor;Ergonomic;architectures parsing open-source
4;Senegal connect;collaborative France primary;deposit payment system;Unbranded primary
5;synthesizing Sausages Cotton;Multi-lateral;Hill;Skyway systemic
6;Dynamic modular;evolve Practical Avon;Liaison;Concrete
7;robust Soft;matrix;Officer orange;yellow cross-platform
8;mission-critical;Frozen Turkey;Human;Delaware distributed District
9;hub Home;Rapids hack;deposit;District Loan
10;Avon;deposit XSS payment;Assistant Self-enabling index;Concrete
