id;name;type;language;lang_version;build_tool;build_tool_version;banner;favicon;version;rent_id;update_time;create_time
1;Gambia hard;MONOLITH;extensible;Investor Administrator;Berkshire Engineer;microchip;National Account Account;../fake-data/blob/hipster.txt;expedite;compressing;Moroccan discrete Lithuania;Dynamic
2;Bacon Credit Tasty;MICROSERVICE;Avon;generate compress Cheese;SMS architect CSS;bluetooth pixel Oklahoma;Dollar Market Liaison;../fake-data/blob/hipster.txt;transmit;red Moldova;Jewelery Central Lari;morph Checking Mills
3;Director copying Wyoming;MONOLITH;open navigating;Agent;Avon;Manager Multi-channelled Orchestrator;compressing Accountability 1080p;../fake-data/blob/hipster.txt;Cambridgeshire seamless;virtual;drive Associate;matrix modular Jamaica
4;Yemen;MICROSERVICE;Barthelemy Borders Hat;intuitive;capacitor productize Kroon;Point;Reverse-engineered;../fake-data/blob/hipster.txt;Burundi Falkland Western;Garden;optimizing parse;monitor
5;Rubber tan;MICROSERVICE;Table Practical;Rubber;hack Handmade;Bedfordshire transform Account;Bedfordshire Louisiana Kids;../fake-data/blob/hipster.txt;Rubber;Rustic Designer;Beauty;payment protocol
6;Reduced Connecticut;MONOLITH;Andorra connecting Granite;green;Liaison Steel;bypassing International;Innovative Republic;../fake-data/blob/hipster.txt;Home Managed Handcrafted;Angola withdrawal;solution-oriented;program
7;Handmade deposit Armenian;MICROSERVICE;Metal Pants;disintermediate Gorgeous SMTP;Dakota;Switchable;Integration Unions Refined;../fake-data/blob/hipster.txt;Chief Savings salmon;pink;synergize Credit Handcrafted;complexity Stravenue
8;Tools parse;MONOLITH;metrics pixel;feed Mouse;Investment Metal Operative;Distributed Loan Reunion;Granite Advanced;../fake-data/blob/hipster.txt;Usability Loan Awesome;Soft Chips;Marketing;Namibia
9;Sausages;MICROSERVICE;Wooden Concrete;transmitting Salad;Sleek;Electronics;systems Fiji;../fake-data/blob/hipster.txt;overriding online;transmitting;alliance override Oro;mobile transmitting
10;generating Brand;MONOLITH;navigating;Mexican synthesize;payment;synthesize PNG;circuit orchid dynamic;../fake-data/blob/hipster.txt;empower synergies;solution-oriented Table;Wooden Concrete Grass-roots;Mobility impactful
